{
  "schemaVersion": 1,
  "id": "betterend",
  "version": "${version}",

  "name": "Better End",
  "description": "Better End",
  "authors": [
    "P0rtal",
    "PiDay"
  ],
  "contact": {
    "homepage": "https://fabricmc.net/",
    "sources": "https://github.com/FabricMC/fabric-example-mod"
  },

  "license": "CC0-1.0",
  "icon": "assets/betterend/icon.png",

  "environment": "*",
  "entrypoints": {
    "main": [
      "net.matt_with_a_hat.BetterEnd"
    ]
  },
  "mixins": [
    "betterend.mixins.json"
  ],

  "depends": {
    "fabricloader": ">=0.7.4",
    "fabric": "*",
    "minecraft": "1.16.x"
  },
  "suggests": {
    "another-mod": "*"
  }
}
