{
    "parent": "block/slab",
    "textures": {
        "all": "betterend:block/warppad",
        "bottom": "minecraft:block/end_stone",
        "particle": "#all"
    },
    "elements": [
        {
            "from": [0, 0, 0],
            "to": [16, 8, 16],
            "faces": {
                "down": {"uv": [0, 0, 16, 16], "texture": "#bottom", "cullface": "down"},
                "up": {"uv": [0, 0, 8, 16], "texture": "#all"},
                "north": {"uv": [8, 0, 16, 8], "texture": "#all", "cullface": "north"},
                "south": {"uv": [8, 0, 16, 8], "texture": "#all", "cullface": "south"},
                "west": {"uv": [8, 0, 16, 8], "texture": "#all", "cullface": "west"},
                "east": {"uv": [8, 0, 16, 8], "texture": "#all", "cullface": "east"}
            }
        }
    ]
}